{
  "ThermalIFNet (RIFE)": {
    "PSNR": {
      "mean": 29.66516,
      "std": 0.9758,
      "median": 29.46266,
      "min": 28.31831,
      "max": 31.28689
    },
    "SSIM": {
      "mean": 0.91658,
      "std": 0.00397,
      "median": 0.916,
      "min": 0.91041,
      "max": 0.92303
    },
    "RMSE": {
      "mean": 0.03307,
      "std": 0.00365,
      "median": 0.03365,
      "min": 0.02727,
      "max": 0.03838
    },
    "MAE": {
      "mean": 0.0249,
      "std": 0.00473,
      "median": 0.02565,
      "min": 0.0176,
      "max": 0.032
    },
    "BT_MAE": {
      "mean": 3.48544,
      "std": 0.66193,
      "median": 3.5915,
      "min": 2.46338,
      "max": 4.48032
    },
    "FSIM": {
      "mean": 0.99273,
      "std": 0.00032,
      "median": 0.99281,
      "min": 0.99207,
      "max": 0.99322
    },
    "inference_ms": {
      "mean": 111.74516,
      "std": 329.34909,
      "median": 1.8745,
      "min": 1.83948,
      "max": 1099.79213
    }
  },
  "Linear": {
    "PSNR": {
      "mean": 29.5104,
      "std": 0.78438,
      "median": 29.36114,
      "min": 28.44268,
      "max": 30.75864
    },
    "SSIM": {
      "mean": 0.8913,
      "std": 0.00273,
      "median": 0.88988,
      "min": 0.88846,
      "max": 0.89557
    },
    "RMSE": {
      "mean": 0.03359,
      "std": 0.003,
      "median": 0.03404,
      "min": 0.02898,
      "max": 0.03783
    },
    "MAE": {
      "mean": 0.02393,
      "std": 0.00369,
      "median": 0.02502,
      "min": 0.01765,
      "max": 0.0286
    },
    "BT_MAE": {
      "mean": 3.34984,
      "std": 0.51636,
      "median": 3.50348,
      "min": 2.47159,
      "max": 4.00367
    },
    "FSIM": {
      "mean": 0.99453,
      "std": 0.00017,
      "median": 0.99457,
      "min": 0.99418,
      "max": 0.99474
    },
    "inference_ms": {
      "mean": 0.20477,
      "std": 0.01553,
      "median": 0.20335,
      "min": 0.18544,
      "max": 0.23821
    }
  }
}